decision_id,date,decision,rationale,approved_by,affected_files
D001,2026-08-04,Use corridor-month as the modelling grain,Supports time-based forecasting and corridor-level planning,project_owner,config/project.yml;docs/decision_contract.md
D002,2026-08-04,Use 43 corridors as the initial candidate set,Maintains the confirmed project boundary while corridor geometry is verified,project_owner,config/project.yml;docs/decision_contract.md
D003,2026-08-04,Use time-based model validation only,Random splitting would leak future information into model evaluation,project_owner,config/project.yml
D004,2026-08-04,Treat budget and equity values as planning scenarios,No official City values have been verified for this project,project_owner,config/project.yml;docs/decision_contract.md
D005,2026-08-04,Keep final authority with the City and engineering teams,The analytical system is decision support and cannot replace feasibility review,project_owner,docs/decision_contract.md
D006,2026-08-04,Preserve raw source files without manual modification,Reproducibility requires cleaning to occur only in interim and processed layers,project_owner,data/raw;data/interim;data/processed
D007,2026-08-04,Use January 2018 through December 2025 as the candidate historical window,This provides exactly 96 citywide monthly periods while excluding incomplete 2017 coverage and partial 2026 data,project_owner,config/project.yml;docs/assumption_register.csv;docs/data_quality/crash_monthly_coverage.csv
D008,2026-08-04,"Use crashes.crash_date as the authoritative event timestamp after joining child sources","All child crash_record_id values matched the crash table but 148 vehicle rows and 161 people rows contained a different redundant crash_date value","project_owner","docs/data_quality/raw_relationship_validation.json;config/acquisition.yml"
D009,2026-08-04,"Use crashes as the parent table and left join vehicle and people enrichments","An inner join would incorrectly remove 1987 crash records that have no corresponding people row","project_owner","docs/data_quality/raw_relationship_validation.json;config/acquisition.yml"
